<?xml version="1.0" encoding="UTF-8"?>
<project-private xmlns="http://www.netbeans.org/ns/project-private/1">
    <editor-bookmarks xmlns="http://www.netbeans.org/ns/editor-bookmarks/2" lastBookmarkId="0"/>
    <open-files xmlns="http://www.netbeans.org/ns/projectui-open-files/2">
        <group>
            <file>file:/C:/Users/user/OneDrive%20-%20Universiti%20Malaya/Data_Structure/Titan/src/sort_it.java</file>
            <file>file:/C:/Users/user/OneDrive%20-%20Universiti%20Malaya/Data_Structure/Titan/src/project/titanStatic.java</file>
            <file>file:/C:/Users/user/OneDrive%20-%20Universiti%20Malaya/Data_Structure/Titan/src/project/Wall.java</file>
            <file>file:/C:/Users/user/OneDrive%20-%20Universiti%20Malaya/Data_Structure/Titan/src/project/RSA.java</file>
            <file>file:/C:/Users/user/OneDrive%20-%20Universiti%20Malaya/Data_Structure/Titan/src/addTitanmanually.java</file>
            <file>file:/C:/Users/user/OneDrive%20-%20Universiti%20Malaya/Data_Structure/Titan/src/project/HamiltonianCycle.java</file>
            <file>file:/C:/Users/user/OneDrive%20-%20Universiti%20Malaya/Data_Structure/Titan/src/Marke_word_converter.java</file>
            <file>file:/C:/Users/user/OneDrive%20-%20Universiti%20Malaya/Data_Structure/Titan/src/ShortestPath.java</file>
            <file>file:/C:/Users/user/OneDrive%20-%20Universiti%20Malaya/Data_Structure/Titan/src/optionmenu.java</file>
            <file>file:/C:/Users/user/OneDrive%20-%20Universiti%20Malaya/Data_Structure/Titan/src/project/BestPathTKTitan.java</file>
            <file>file:/C:/Users/user/OneDrive%20-%20Universiti%20Malaya/Data_Structure/Titan/src/ShortestPathUsing.java</file>
            <file>file:/C:/Users/user/OneDrive%20-%20Universiti%20Malaya/Data_Structure/Titan/src/RSA.java</file>
            <file>file:/C:/Users/user/OneDrive%20-%20Universiti%20Malaya/Data_Structure/Titan/src/BeastTitan.java</file>
            <file>file:/C:/Users/user/OneDrive%20-%20Universiti%20Malaya/Data_Structure/Titan/src/project/shortestpaths.java</file>
            <file>file:/C:/Users/user/OneDrive%20-%20Universiti%20Malaya/Data_Structure/Titan/src/find_it.java</file>
            <file>file:/C:/Users/user/OneDrive%20-%20Universiti%20Malaya/Data_Structure/Titan/src/project/Beasttitanshortestpath.java</file>
            <file>file:/C:/Users/user/OneDrive%20-%20Universiti%20Malaya/Data_Structure/Titan/src/project/characterMain.java</file>
            <file>file:/C:/Users/user/OneDrive%20-%20Universiti%20Malaya/Data_Structure/Titan/src/Wall.java</file>
            <file>file:/C:/Users/user/OneDrive%20-%20Universiti%20Malaya/Data_Structure/Titan/src/images/pngwing.com.png</file>
            <file>file:/C:/Users/user/OneDrive%20-%20Universiti%20Malaya/Data_Structure/Titan/src/Hamiltonian.java</file>
            <file>file:/C:/Users/user/OneDrive%20-%20Universiti%20Malaya/Data_Structure/Titan/src/ShortestPathBFS.java</file>
            <file>file:/C:/Users/user/OneDrive%20-%20Universiti%20Malaya/Data_Structure/Titan/src/project/HashMap.java</file>
            <file>file:/C:/Users/user/OneDrive%20-%20Universiti%20Malaya/Data_Structure/Titan/src/project/Titans.java</file>
            <file>file:/C:/Users/user/OneDrive%20-%20Universiti%20Malaya/Data_Structure/Titan/src/project/characteristic.java</file>
            <file>file:/C:/Users/user/OneDrive%20-%20Universiti%20Malaya/Data_Structure/Titan/src/project/maintester.java</file>
            <file>file:/C:/Users/user/OneDrive%20-%20Universiti%20Malaya/Data_Structure/Titan/src/project/titansPriorityQueue.java</file>
            <file>file:/C:/Users/user/OneDrive%20-%20Universiti%20Malaya/Data_Structure/Titan/src/titanevaluationandkillingpriority.java</file>
        </group>
    </open-files>
</project-private>
