<?xml version="1.0" encoding="UTF-8"?>
<project-private xmlns="http://www.netbeans.org/ns/project-private/1">
    <editor-bookmarks xmlns="http://www.netbeans.org/ns/editor-bookmarks/2" lastBookmarkId="0"/>
    <open-files xmlns="http://www.netbeans.org/ns/projectui-open-files/2">
        <group>
            <file>file:/C:/Users/user/Downloads/AoTproject-master/AoTproject-master/src/dsa/characterMain.java</file>
            <file>file:/C:/Users/user/Downloads/AoTproject-master/AoTproject-master/src/dsa/characteristic.java</file>
            <file>file:/C:/Users/user/Downloads/AoTproject-master/AoTproject-master/src/dsa/titanStatic.java</file>
            <file>file:/C:/Users/user/Downloads/AoTproject-master/AoTproject-master/src/dsa/titansPriorityQueue.java</file>
            <file>file:/C:/Users/user/Downloads/AoTproject-master/AoTproject-master/src/dsa/HamiltonianCycle.java</file>
            <file>file:/C:/Users/user/Downloads/AoTproject-master/AoTproject-master/src/dsa/BestPathTKTitan.java</file>
            <file>file:/C:/Users/user/Downloads/AoTproject-master/AoTproject-master/src/dsa/shortestpaths.java</file>
            <file>file:/C:/Users/user/Downloads/AoTproject-master/AoTproject-master/src/dsa/maintester.java</file>
        </group>
    </open-files>
</project-private>
